{"cameraMode":{"drawMode":0,"name":"Shaded","section":"Shading Mode"},"sceneLighting":false,"audioPlay":false,"sceneViewState":{"showFog":true,"showMaterialUpdate":false,"showSkybox":true,"showFlares":true,"showImageEffects":true,"showParticleSystems":true},"in2DMode":false,"pivot":{"x":-3.4092414379119875,"y":-0.1280173659324646,"z":0.48748156428337099},"rotation":{"x":0.19407393038272859,"y":-0.800566554069519,"z":0.44968724250793459,"w":0.34540268778800967},"size":10.465889930725098,"orthographic":false}